ID;NPN;construction;preposition;noun;context_pre;costr;context_post;number_of_noun;Type;other_cxn;meaning
2087;carta su carta;no;su;carta;E poi c'è lo spariglio, una variante della presa di;carta su carta;uguale.;sg;thematic_target;no;distractor
2088;donne su donne;no;su;donna;Comunque non spetta a questa introduzione dire delle nostre tre autrici: qui si tratta piuttosto di chiedersi perché, a voler parlare di romanzo popolare in Italia tra i due secoli, si sono scelte tre donne che scrivono per;donne su donne;.;pl;thematic_target;no;distractor
2089;ferro su ferro;no;su;ferro;Il valore del coefficiente di a. volvente del;ferro su ferro;"è per es. 0,005; quello radente, 0,21; l' a. volvente della gomma su strada, 0,02; quello radente, 0,07.";sg;N_extended;no;distractor
2090;sasso su sasso;no;su;sasso;Il signor Sandro scuote la testa, si infila le mani in tasca e si piega a guardare la pietra, il disegno fatto a colpi di;sasso su sasso;, poi i piedi, le mani, gli occhi tondi lassù che rispondono allo sguardo.;sg;thematic_target;no;distractor
2091;sedia su sedia;no;su;sedia;Le ragioni della priorità psicologica di, per esempio,;sedia su sedia;"a dondolo o mobilio sono percettive e morfologiche (percepiamo una sedia come una gestalt unitaria più facilmente del mobilio; associamo più facilmente un’immagine al livello base che agli altri), funzionali (abbiamo un programma motorio generale per interagire con le sedie, ma non con il mobilio), linguistiche e comunicative (il livello base contiene in media più attributi e dà più informazioni degli altri), di apprendimento (i bambini imparano prima i termini del livello base; inoltre spesso i termini del livello base sono più brevi e meno complessi degli altri).";sg;N_extended;no;distractor
2092;uomini su uomini;no;su;uomo;Parla e agisce in prima persona (Fracchia è Villaggio, mentre Fantozzi è una straordinaria invenzione di Villaggio, è un racconto): è vero che comincia a delinearsi l'emblema del martire d'ufficio, dell'impiegato sacrificato alla meschineria dei colleghi, ma Fracchia è un «mostro» cui Villaggio ha ancora saputo conferire il carattere di allegoria della violenza perpetrata da;uomini su uomini;.;pl;thematic_target;no;distractor
2093;bambini su bambini;no;su;bambino;Come impone la legge, nei casi di espianti di;bambini su bambini;di età inferiore a 5 anni, prima di procedere si sono dovute attendere le 24 ore richieste.;pl;N_extended;no;distractor
2094;Milosevic su Milosevic;no;su;Milosevic;Non potendo interrogare;Milosevic su Milosevic;, Nava interroga l'Occidente sui Balcani e la giustizia internazionale.;X;thematic_target;no;distractor
2095;Off su Off;no;su;off;Posizionare l'interruttore On;Off su Off;su Off servendosi dello stilo.;X;proper_name_inglobation;no;distractor
2096;vacche su vacche;no;su;vacca;È suo il conio del palidromo accavallavacca (strumento per caricare;vacche su vacche;", o vacche su cavalli; vedi anche alle voci lavacavalli e vacca).";pl;thematic_target;no;distractor
2097;Roma su Roma;no;su;Roma;E se io mando un messaggio da;Roma su Roma;dovrei essere tutelato dalle leggi italiane, rispetto alle intenzioni piratesche delle aziende Usa.;X;thematic_target;no;distractor
2098;50 su 50;no;su;50;Fatta la prova di mercoledì, la domenica uscivano i risultati che dichiaravano che io avevo preso un punteggio di;50 su 50;!!!!! classificandomi primo insieme ad altri ventisette.;X;NumPNum;no;distractor
2099;3 su 3;no;su;3;Da segnalare anche un ottima prestazione di Cazzulo con;3 su 3;da due e 2 su 2 dalla lunetta, in momenti importanti della gara.;X;NumPNum;no;distractor
2100;2 su 2;no;su;3;Da segnalare anche un ottima prestazione di Cazzulo con 3 su 3 da due e;2 su 2;dalla lunetta, in momenti importanti della gara.;X;NumPNum;no;distractor
2101;10 su 10;no;su;10;"E mentre Berlusconi si assegna un """;10 su 10;""", "" gli analisti affermano che il governo ha sprecato il suo primo anno "".";X;NumPNum;no;distractor
2102;10 su 10;no;su;10;Vorrei che ogni italiano, o almeno 8 su 10 sappiano cosa sia la Milano Sanremo, se;10 su 10;sanno cosa è il Giro.;X;NumPNum;no;distractor
2103;100 su 100;no;su;100;Anni dopo Bernardini ripropone lo stesso quesito in una scuola elementare, e;100 su 100;"rispondono: "" 50 anni """;X;NumPNum;no;distractor
2104;100 su 100;no;su;100;Il punteggio minimo ottenuto dai nostri studenti è di 28,57, contro quello ottenuto dall' Emilia Romagna di 0,0 e dal Nord Est di 14,29, mentre è allineato il punteggio massimo:;100 su 100;.;X;NumPNum;no;distractor
2105;100 su 100;no;su;100;Il valore modale ottenuto è di;100 su 100;, questo è quindi il valore che ricorre più frequentemente.;X;NumPNum;no;distractor
2106;100 su 100;no;su;100;Delle 20 regioni prese in esame da un gruppo di esperti in comunicazione, sociologia, diritti del cittadino, il portale della Regione Emilia-Romagna risulta primo classificato con un risultato di;100 su 100;per quanto riguarda il rapporto amministrazione-cittadini, davanti a Veneto (89/100) e Liguria (80/100).;X;NumPNum;no;distractor
2107;11 su 11;no;su;11;Da ricordare la prestazione contro il Belgio allorchè ne ha effettuate;11 su 11;tiri nello specchio della porta degli avversari.;X;NumPNum;no;distractor
2108;110 su 110;no;su;110;Luciano Fonzi esprime il seguente giudizio: Laureato in Scienze Biologiche presso la Università di Siena nel 1969 con;110 su 110;e lode.;X;NumPNum;no;distractor
2109;119 su 119;no;su;119;Attivate al 100 % le procedure di bonifica per i siti inquinati a breve termine, in tutto;119 su 119;, e al 58 % quelle per i 146 siti a medio termine, mentre per i 60 siti di piano definiti ' in approfondimentò (considerati a medio termine nell' attesa della definitiva classificazione nell' ambito dell' approvazione dei Piani Provinciali), tale percentuale scende al 32 %.;X;NumPNum;no;distractor
2110;18 su 18;no;su;18;Il documento ha ottenuto l' unanimità dei voti:;18 su 18;presenti e aventi diritto al voto.;X;NumPNum;no;distractor
2111;18 su 18;no;su;18;Io penso che se una persona si impegna, comincia a farlo all' universita' ... magari prendendo dei buoni voti agli esami senza andare a tentare, strappando;18 su 18;.;X;NumPNum;no;distractor
2112;18 su 18;no;su;18;La serie A ha votato compatta,;18 su 18;- afferma Galliani - per il ' lodo' che ha preso il mio nome, che prevedeva 3 retrocessioni dalla A e 5 promozioni dalla B, e dall' anno prossimo a regime 3 retrocessioni e 3 promozioni.;X;NumPNum;no;distractor
2113;19 su 19;no;su;19;A Lecco si è registrato una adesione del 100 per cento (hanno scioperato;19 su 19;) così come al tribunale di sorveglianza di Milano (9 su 9).;X;NumPNum;no;distractor
2114;19 su 19;no;su;19;L' Inter respira: allarme rientrato sullo stop di Vieri Vuelta, un danese vola sui Pirenei Frigo 4 ° in classifica Rugby, radiata squadra rumena: positivi;19 su 19;Maradona-doping, Boniek conferma.;X;NumPNum;no;distractor
2115;2 su 2;no;su;2;La partecipazione è sempre stata sinonimo di vittoria:;2 su 2;con i trionfi del 1985 e 1996.;X;NumPNum;no;distractor
2116;2 su 2;no;su;2;Al Sud il risultato non è meno clamoroso: il centrosinistra è forza di governo in 4 province su 4 in Abruzzo, in 5 su 5 in Puglia, in;2 su 2;in Basilicata, in 4 su 5 in Campania, in 3 su 5 in Calabria.;X;NumPNum;no;distractor
2117;2 su 2;no;su;2;Tra le file dell' Hintegra realizzano le migliori prestazioni offensive Simone Vichi con;2 su 2;e Victor Lopez con 2 su 4.;X;NumPNum;no;distractor
2118;2 su 2;no;su;2;Il MF salernitano si è portato da solo al comando con;2 su 2;, poi ha perso con Braga, ma la vittoria al sesto turno con Belotti lo ha ricatapultato da solo al primo posto a quota 4.5 su 6.;X;NumPNum;no;distractor
2119;2 su 2;no;su;2;Detto questo, torniamo alla realtà dei fatti, che ci rimanda un Barcellona più che mai vincente:;2 su 2;in Eurolega, con 12 punti di scarto rifilati all' Aek e 14 all' Olimpia (in questo caso con un provvidenziale + 18 nell' ultimo quarto), e 8 su 9 in campionato.;X;NumPNum;no;distractor
2120;22 su 22;no;su;22;In tempi più recenti, nel giugno scorso,;22 su 22;attentati sono abortiti.;X;NumPNum;no;distractor
2121;22 su 22;no;su;22;"Nell' opposizione, tra i socialisti 90 hanno votato a favore mentre 56 si sono astenuti; nel gruppo dei repubblicani e socialisti, invece, i voti contrari sono stati";22 su 22;iscritti.;X;NumPNum;no;distractor
2122;24 su 24;no;su;24;Infatti la scommessa era quella dell' accompagnamento educativo, la presenza, la vicinanza;24 su 24;ore per tot mesi verso chi ne aveva bisogno.;X;NumPNum;no;distractor
2123;24 su 24;no;su;24;Tale contenitore poi, grazie alla tecnologia e software di ultima generazione, è disponibile;24 su 24;online e aggiornato in tempo reale, permettendo così ai potenziali clienti di visionare gli immobili direttamente da casa o ufficio, e ai collaboratori del gruppo sparsi in Italia o all' estero di consultare e fornire proposte svincolate dal limite della territorialità di competenza.;X;NumPNum;no;distractor
2124;24 su 24;no;su;24;Il telefono è attivo;24 su 24;con segreteria telefonica.;X;NumPNum;no;distractor
2125;24 su 24;no;su;24;Scorta raddoppiata, casa sorvegliata;24 su 24;e lui cosa fa?;X;NumPNum;no;distractor
2126;24 su 24;no;su;24;"Un ospedale di Pittsburgh fornisce addirittura una stazione televisiva chiamata ""Humor Helps Healing"" (l'umorismo aiuta a guarire), che trasmette";24 su 24;", mentre in South Carolina, i ""terapisti dell' umorismo"" hanno formato la Carolina Humour and Healing Association (HaHa).";X;NumPNum;no;distractor
2127;3 su 3;no;su;3;Per nostra fortuna sono stati fecondati;3 su 3;, il 100 %, pronti per essere impiantati in utero.;X;NumPNum;no;distractor
2128;3 su 3;no;su;3;Premetto che la scart è una 21 poli e ne ho provate ben;3 su 3;"televisori diversi, ma nulla da fare; pare che dalla scart del dvd non esca il seganle video ... cosa posso fare?";X;NumPNum;no;distractor
2129;3 su 3;no;su;3;Infine i rigori: stavolta;3 su 3;grazie a Gilardino, Miccoli e Totti.;X;NumPNum;no;distractor
2130;5 su 5;no;su;5; Questa volta è la Juventus a sbagliare di meno, anzi a non sbagliare proprio nulla visto che mette a segno uno score di;5 su 5;, mentre per il Milan è fatale l' errore di Brocchi.;X;NumPNum;no;distractor
2131;351 su 351;no;su;351;;351 su 351;"hanno detto ""sì"" con furore, passione e con un grande applauso, come ha ricordato poco fa il collega Palmizio! </s><s> In quest' aula!";X;NumPNum;no;distractor
2132;39 su 39;no;su;39;Essi hanno scoperto che Red Book è stato in grado di fornire con successo le risposte a;39 su 39;richieste su problemi clinici, con una media di 10 secondi per ricerca.;X;NumPNum;no;distractor
2133;4 su 4;no;su;4;Varese ha cercato di resistere con orgoglio, trovando pero' troppo tardi la classe di Meneghin (6 su 11 al tiro e;4 su 4;dalla lunetta), mentre Petruska (4 su 8 e 12 rimbalzi), dopo un felicissimo primo tempo, e' via via scomparso di scena.;X;NumPNum;no;distractor
2134;4 su 4;no;su;4;Il suo score recita un;4 su 4;dalla grande distanza e 13 punti nei 13 minuti decisivi per affossare definitivamente la Scavolini.;X;NumPNum;no;distractor
2135;54 su 54;no;su;54;La formazione pugliese è, assieme al Torino, la squadra che ha usufruito fino a questo momento di tutti i cambi disponibili;54 su 54;.;X;NumPNum;no;distractor
2136;6 su 6;no;su;6;La presenza delle donne, per lo meno a Ca' Foscari, è nettamente preponderante: nel 2002 su 11 tirocinanti assegnati alle biblioteche 9 erano di sesso femminile, mentre i dati parziali del 2003 registrano una presenza di;6 su 6;studentesse.;X;NumPNum;no;distractor
2137;6 su 6;no;su;6;Osimo ha totalizzato 10 su 10 per quel che concerne i contenuti,;6 su 6;per la programmazione, 6 su 7 per l' originalità e 6 su 7 per la grafica.;X;NumPNum;no;distractor
2138;6 su 6;no;su;6;Utilizzarono questa possibilità soprattutto le femmine (;6 su 6;), ma anche alcuni maschi (4 su 12), quindi nel complesso poco più del 50 % della classe.;X;NumPNum;no;distractor
2139;6 su 6;no;su;6;Sarà ricordata come la stagione del;6 su 6;: l' intera pallavolo bellunese è retrocessa.;X;NumPNum;no;distractor
2140;6 su 6;no;su;6;No perchè 7 su 9 di jones non è che succede sempre, considerando anche il fatto che fino ad un certo punto era;6 su 6;.;X;NumPNum;no;distractor
2141;37 su 37;no;su;37;Nella votazione delle due di notte eravamo;37 su 37;e alla fine è scoppiato un applauso.;X;NumPNum;no;distractor
2142;61 su 61;no;su;61;L'ha data già il caso Fiat, bisogna insistere per eliminare anche la mafia, artefice del successo del polo con i;61 su 61;.;X;NumPNum;no;distractor
2143;61 su 61;no;su;61;Lasciamo la presidenza dell' assemblea e sentiamo il nuovo presidente della giunta che in Sicilia si è portato a casa tutti i seggi,;61 su 61;.;X;NumPNum;no;distractor
2144;61 su 61;no;su;61;Certo le ultime elezioni europee hanno segnato una sconfitta di Berlusconi, il cappotto del;61 su 61;(i seggi del parlamento regionale conquistati dalla destra nelle ultime amministrative) appartiene alla memoria del passato.;X;NumPNum;no;distractor
2145;7 su 7;no;su;7;Lo fa in modo incontestabile: chiude con;7 su 7;dai 6.25 mt per un totale di 29 punti, il tutto in sola metà gara.;X;NumPNum;no;distractor
2146;7 su 7;no;su;7;Sta meglio il secondo anno (43 partite, 11,3 di medie), quando spara un;7 su 7;da tre al Madison Square Garden di New York.;X;NumPNum;no;distractor
2147;8 su 8;no;su;8;Gioca 29' e chiude con 20 punti, 0 su 2 da due, 4 su 7 da tre,;8 su 8;ai tiri liberi, ben 5 rimbalzi, 4 assist, 25 di valutazione.;X;NumPNum;no;distractor
2148;8 su 8;no;su;8;Un giorno si ritrova al campetto, tira fuori il pallone e infila;8 su 8;da tre punti: la mano è guarita.;X;NumPNum;no;distractor
2149;80 su 80;no;su;80;"Alla risposta: ""dovevate o dovevano studiare di più"" noi replichiamo in questo modo: ""anche se tutti gli studenti avessero preso";80 su 80;comunque tantissimi sarebbero tornati a casa!;X;NumPNum;no;distractor
2150;80 su 80;no;su;80;Faccia presente che anche se tutta la gente sapesse le cose benissimo, da prendere;80 su 80;comunque tantissima gente dovrebbe tornare a casa.;X;NumPNum;no;distractor
2151;9 su 9;no;su;9;A Lecco si è registrato una adesione del 100 per cento (hanno scioperato 19 su 19) così come al tribunale di sorveglianza di Milano (;9 su 9;).;X;NumPNum;no;distractor
2152;90 su 90;no;su;90;Una volta fatto il gruppo (non esagerare con le unita' di supporto tanto, tra quelle in difesa e quelle prodotte sarai quasi a;90 su 90;) prendi la strada in alto a destra.;X;NumPNum;no;distractor
2153;Italia su Italia;no;su;Italia;"Una curiosità: Sandra Vidal ha partecipato alla versione americana del programma "" Popstars "", trasmesso anche in";Italia su Italia;1.;X;proper_name_inglobation;no;distractor
2154;Parma su Parma;no;su;Parma;Il programma ha visto l' intervento di Romeo Broglia assessore ai Servizi telematici della Provincia di Parma cheha illustrato le linee generali dello sviluppo telematico del territorio provinciale, sono seguite le relazioni di Mario Marini assessore alle Innovazioni tecnologiche del Comune di;Parma su Parma;e l' innovazione tecnologica, di Paolo Camuti Borani dirigente del Sistema informativo e informatico della Provincia di Parma su L' e-government e il Piano telematico provinciale.;X;proper_name_inglobation;no;distractor
2155;ore su ore;no;su;ora;Indicare il numero di;ore su ore;SOLO SE DIVERSO dall' orario massimo della qualifica di appartenza.;pl;thematic_target;no;distractor
2156;donne su donne;no;su;donne;"La donna ha perciò il dominio / responsabilità di due settori chiave: la riproduzione umana (dalla leggendaria mamma africana che tutto fa per i suoi bimbi, alle guerre intrafamiliari tra le co-spose per fare ""avanzare"" la propria prole, alle mutilazioni sessuali operate da";donne su donne;) e l' alimentazione (la cucina in Africa è una vera e propria arte).;pl;thematic_target;no;distractor
2157;uomini su uomini;no;su;uomo;Un crimine non certo benedetto da un Dio, ma fatto da;uomini su uomini;(l' orrore, vedi 1945).;pl;thematic_target;no;distractor
2158;Pippo su Pippo;no;su;Pippo;La spesa per la riparazione, ammontante a venti euro, da ripartirsi tra tutti i condomini, graverà: su Martino su;Pippo su Pippo;e Martino in parti uguali per un terzo su Martino e per due terzi su Pippo.;X;N_extended;no;distractor
2159;Internet su Internet;no;su;Internet;Tuttavia, ho parlato contro;Internet su Internet;, dice Gigi.;sg;thematic_target;no;distractor
2160;DVD su DVD;no;su;DVD;Se vuoi masterizzare un film in;DVD su DVD;+ R DL, ti conviene usare Alcohol o DVD Decrypter (in ISO mode).;sg/pl;thematic_target;no;distractor
2161;Genova su Genova;no;su;Genova;Io scrivo, di;Genova su Genova;per Genova, soprattutto attraverso questo sito che, dopo Genova e grazie a Marco (Ravera), è diventato in un certo senso la mia seconda casa.;X;proper_name_inglobation;no;distractor
2162;giornalisti su giornalisti;no;su;giornalista;Torna l' estate, tornano puntuali come le zanzare i libri di; giornalisti su giornalisti;e con la calura tornano a scoppiare anche le polemiche tra gli anchormen di casa Mediaset, in primis quella tra Emilio Fede ed Enrico Mentana.;pl;thematic_target;no;distractor
2163;seta su seta;no;su;seta;Inizia così una ricca produzione di arazzi ricamati in;seta su seta;o in lana si juta o su tela.;sg;thematic_target;no;distractor
2164;Pisa su Pisa;no;su;Pisa;Martedì sera Umberto ha avuto una trovata che per poco non ha reso innocuo il pericolante edificio di insulti che ogni puntata pende su di lui, come la Torre di;Pisa su Pisa;.;X;proper_name_inglobation;no;distractor
2165;ASCO su ASCO;no;su;ASCO;Ulteriori informazioni Per ulteriori informazioni, vedi il meeting virtuale di;ASCO su ASCO;OnLine (www.asco.org), che contiene tutti gli abstract degli studi presentati alla conferenza.;X;proper_name_inglobation;no;distractor
2166; Vichy su Vichy;no;su;Vichy;Citazione: si esattamente erano collaborazionisti esattamente come tutta la repubblica;Vichy su Vichy;non ci piove, ma sulle SS permettimi di dissentire per due motivi: - arruolamento volontario - giuramento di fedeltà al fuhrer e allla causa nazional-socialista - iniziazione mistica.;X;N_extended;no;distractor
2167;satellite su satellite;no;su;satellite;Accesso ad alta velocità al Backbone Internet Europeo e connettività a banda larga, utilizzando tecnologia satellitare bidirezionale mediante canale di comunicazione bidirezionale via;satellite su satellite;geostazionario opportunamente posizionato, e connessione via fibra al Backbone Internet Europeo, con relativa manutenzione ed assistenza tecnica.;sg;N_extended;no;distractor
2168;fibrocemento su fibrocemento;no;su;fibrocemento;Pannello sandwich In commercio sono reperibili lastre piane o ondulate oppure pannelli sandwich, dello spessore complessivo di alcuni centimetri, costituiti da supporti superiori in fibrocemento ed inferiore in lamiera oppure in;fibrocemento su fibrocemento;.;sg;thematic_target;no;distractor
2169;radio su radio;no;su;radio;Proprio stamattina presto, verso le 5 circa seguivo il programma alla;radio su radio;"1 ""istruzioni per l' uso"" e uno degli argomenti era per l' appunto il blog, si parlava di quanti blog esistono in Italia, circa 30000, (pensavo ce ne fossero di più) mentre in Francia sono 3000000!";sg;proper_name_inglobation;no;distractor
2170;grigio su grigio;no;su;grigio;Innanzitutto, sono stati introdotti nuovi colori per la plancia bicolore;grigio su grigio;e blu su grigio.;sg;thematic_target;no;distractor
2171;numero su numero;no;su;numero;È possibile cancellare simultaneamente la programmazione dei servizi prenotazione, deviazione; numero su numero;interno, deviazione su numero esterno e non disturbare.;sg;N_extended;no;distractor
2172;interessi su interessi;no;su;interesse;Io che sono fiorentina, forse avrei qualche motivo in più per pensarlo, ma preferisco spostare i miei;interessi su interessi;"più ""puliti"" perchè il calcio sicuramente non lo è.";sg;N_extended;no;
2173;radio su radio;no;su;radio;C' è una trasmissione;radio su radio;24 ore condotta da Valerio Staffelli che potrebbe esserti utile, infatti si sostituisce a te e provvede a sciogliere la matassa pertanto te lo consiglio.;sg;proper_name_inglobation;no;distractor
2174;bandiere su bandiere;no;su;bandiera;"Come se ci fosse bisogno di una voce dall' alto che dica """;bandiere su bandiere;"giù"".";pl;NsuNgiù;yes;distractor
2175;ruota su ruota;no;su;ruota;DEFINIZIONE: l' attrito volvente (a) è la forza che si sviluppa fra due solidi a contatto in moto rotatorio relativo senza strisciamento (;ruota su ruota;o ruota su strada).;sg;thematic_target;no;distractor
2176;Christine su Christine;no;su;Christine;"Nel 1969 anche i Nomadi si dedicano al ""trans"", cantano";Christine su Christine;Jorgensen, una transessuale famosa dal 1952, fotografa, attrice e cantante.;X;proper_name_inglobation;no;distractor
2177;Internet su Internet;no;su;Internet;Cercare lavoro per;Internet su Internet;.;sg;thematic_target;no;distractor
2178;TV su TV;no;su;TV;Tutta la cerimonia finale verrá trasmessa in diretta;TV su TV;3 dalle 18.40 alle 20.15 e su TV 1 e TV 2 dalle 19.30 alle 20.00.;sg;proper_name_inglobation;no;distractor
2179;Italia su Italia;no;su;Italia;Ricordiamo che Futurama è partita in America sul network FOX il 28 marzo 1999, ed ha esordito in;Italia su Italia;1 in prima serata alle 20.45 il 6 gennaio 2000.;sg;proper_name_inglobation;no;distractor
2180;uomo su uomo;no;su;uomo;"Il problema del potere si ripresenta qui; il potere d'";uomo su uomo;.;sg;thematic_target;no;distractor
2181;Roma su Roma;no;su;Roma;Equiparata ai docenti che si spostano;Roma su Roma;come sembra dall' articolo 25 del contratto nazionale di mobilità? ;X;thematic_target;no;distractor
2182;Guccini su Guccini;no;su;Guccini;Forse il fatto d'essere un lavoro di;Guccini su Guccini;, la possibilità di curiosare nell'armadio dei sogni e dei ricordi, mettendoci a disposizione fin dalla copertina la foto di famiglia del bisnonno che gli ha dato il nome (e sul retro, ma non cercatela nel booklet del cd, un'austera immagine della sua,;X;thematic_target;no;distractor
2183;Microsoft su Microsoft;no;su;Microsoft;È accordo di licenza tra PalmOne e;Microsoft su Microsoft;Exchange.;X;proper_name_inglobation;no;distractor
2184;Fede su Fede;no;su;Fede;La Dottrina della Chiesa, la Nota della Congregazione per la Dottrina della;Fede su Fede;e Politica, l' introduzione a questa di ... ;sg;proper_name_inglobation;no;distractor
2185;facebook su facebook;no;su;facebook;la censura su facebook esiste, non si deve parlare male di;facebook su facebook;e non si devono aprire discorsi seri che non c'entrano con le informazioni private che servono 1: a controllarti 2: a sapere cosa pensano i giovani su determinati prodotti.;X;thematic_target;no;distractor
2186;Android su Android ;no;su;Android ;Attualmente è necessario impostare la versione minima di;Android su Android;7,0 (API 24-torrone) per distribuire l'app in dispositivi o emulatori torrone Android.;X;proper_name_inglobation;no;distractor
2187;app su app;no;su;app;Per quanto riguarda la connessione mobile, 3g o 4g, le cose sono più complesse perché apple non permette di farlo nativamente, né naturalmente permette la presenza di;app su app;store che lo facciano per noi.;sg/pl;proper_name_inglobation;no;distractor
2188;Apple su Apple;no;su;Apple;Anche Noi di Zoleounge.it stiamo promuovendo il Back Friday di Apple e se siete in procinto di acquistare con gli sconti del BlackFriday 2010 di;Apple su Apple;Italia, iTunes Store o su App Store e volete aiutare Zoelounge.it senza peraltro spendere una lira in più, potreste prendere in considerazione l'idea di cliccare su uno dei banner presenti in questa pagina o nei banner presenti nella sidebar.;X;proper_name_inglobation;no;distractor
2189;Arezzo su Arezzo;no;su;Arezzo;La posizione del Comune di;Arezzo su Arezzo;Fiere è chiarissima.;X;proper_name_inglobation;no;distractor
2190;autonomia su autonomia;no;su;autonomia;Che ripeto che ricordo sono quelle delle inchieste sui gruppi terroristici Brigate Rosse prima linea sono quelli dell'inchiesta di;autonomia su autonomia;operaia inchiesta com'era sette aprile.;sg;proper_name_inglobation;no;distractor
2191;bambini su bambini;no;su;bambino;All'inizio della settimana ho scritto un articolo circa le recenti notizie provenienti dal Kansas sui tassi di violenze sessuali di;bambini su bambini;, aumentate bruscamente...anche la polizia del Regno Unito ha segnalato questa tendenza (40.000 segnalazioni in un paio di anni)…;pl;thematic_target;no;distractor
2192;base su base;no;su;base;Agenzia Nazionale per la Ricerca (ANR), creata nel 2007 per finanziare progetti di ricerca di;base su base;competitiva.;sg;N_extended;no;distractor
2193;base su base;no;su;base;La Commissione può ora rimborsare spese generali di;base su base;forfetaria o versare importi forfetari per piccoli progetti - di gruppi vulnerabili, per esempio.;sg;N_extended;no;distractor
2194;base su base;no;su;base;Nella vita di tutti i giorni un lavaggio di;base su base;mensile è sufficiente.;sg;N_extended;no;distractor
2195;base su base;no;su;base;La povertà mestruale - la lotta per pagare i prodotti sanitari di;base su base;mensile - è aumentata durante la pandemia di coronavirus , secondo le associazioni di beneficenza.;sg;N_extended;no;distractor
2196;Bergamo su Bergamo;no;su;Bergamo;Questi due post non erano antisemiti secondo la definizione stessa data da Sinistra Per Israele dell'antisemitismo data da membri del comitato dell'associazione Italia-Israele nella discussione precisazioni in merito alla non adesione del Prc al presidio di;Bergamo su Bergamo;Blog (11novembre 2005).;X;proper_name_inglobation;no;distractor
2197;Berlinguer su Berlinguer;no;su;Berlinguer;Si potrebbe provare A ragionare di;Berlinguer su Berlinguer;a partire da alcuni grandi punti del suo pensiero.;X;thematic_target;no;distractor
2198;Berlusconi su Berlusconi;no;su;Berlusconi;Va bene bene pubblicare in prima pagina una barzelletta di;Berlusconi su Berlusconi;, ma vi sia perlomeno il buon senso di dire al titolista di non mettere come titolo LA BATTUTA finale...;X;thematic_target;no;distractor
2199;Bioetica su Bioetica;no;su;Bioetica;Laboratorio di;Bioetica su Bioetica;e pluralismo.;sg;proper_name_inglobation;no;distractor
2200;Brunetta su Brunetta;no;su;Brunetta;È una storia che si allunga sul presente, quella di Alberto, intrecciandosi con la voglia di vivere e con i criteri di vita e di ragione corrispondenti, che appartiene al capitolo di;Brunetta su Brunetta;, Loris su Loris come si racconta nel libro che avete tra le mani.;X;thematic_target;no;distractor
2201;Camerino su Camerino;no;su;Camerino;Interventi Regione ed Università di;Camerino su Camerino;.;X;proper_name_inglobation;no;distractor
2202;capelli su capelli;no;su;capello;Quindi, ad esempio, lo stesso taglio di;capelli su capelli;lisci e ricci apparirà completamente diverso. pertanto quando scegli un taglio di capelli, oltre al tipo di viso, considera anche il tipo di capelli.;pl;N_extended;no;distractor
2203;Casalecchio su Casalecchio;no;su;Casalecchio;La storia di;Casalecchio su Casalecchio;Notizie - Per chi desidera approfondire... ;X;proper_name_inglobation;no;distractor
2204;chrome su chrome;no;su;chrome;il problema appare come finestrelle che propongono prodotti (simili a quelle di youtube) sotto ogni tipo di media (filmati foto ecc) e come nuove finestre tra cui una che si presenta come un sondaggio di;chrome su chrome;ma promette ricchi premi per la partecipazione ovviamente da solo non riesco a liberarmene non appare sulle estensioni di chrome non appare tra i programmi installati e il superantispyware non lo identifica come virus come faccio a bruciarlo?;X;thematic_target;no;distractor
2205;dati su dati;no;su;dato;Una elaborazione fatta da un analista di;dati su dati;Istat dal due mila undici al due mila sedici.;pl;N_extended;no;distractor
2206;donne su donne;no;su;donna;Così in quegli anni le esperienze di lavoro di;donne su donne;con sofferenza psichiatrica, se da una parte sollevarono alcune delle questioni dell'esser donna, dall'altra lasciarono immutato il manicomio e tanto piu' le donne che in quello continuavano ad essere recluse, non riuscendo ad arrivare al nocciolo della psichiatria, ne' tanto piu' arrivando a restituire al sociale, al sociale della comunita' femminile, la sua sofferenza.;pl;thematic_target;no;distractor
2207;donne su donne;no;su;donna;Se la scorsa settimana ho scelto libri di;donne su donne; in questa puntata voglio cambiare completamente genere perché voglio proporvi quattro libri distopici, due pubblicati nel corso del '900 (che non sono i classici come 1984 di Orwell, Fahrenheit 451 di Bradbury, Il racconto dell'ancella della Atwood o La svastica sul sole di Dick) e due invece molto più recenti.;pl;thematic_target;no;distractor
2208;donne su donne;no;su;donna;"La vedo più come una presa di posizione forte, anche piuttosto ponderata; il fatto che nel filmato ci sia principalmente violenza di";donne su donne;ha abilmente evitato che eventuali polemiche di genere potessero sviare dalla violenza come concetto assoluto.;pl;thematic_target;no;distractor
2209;donne su donne;no;su;donna;Basti pensare che alla fine degli anni Novanta, mentre in Italia iniziavano a spopolare le single scatenate di Sex and the City, in Germania andava in onda Mobbing girls, un fiction televisiva su soprusi, violenze e abusi di;donne su donne;nel posto di lavoro.;pl;thematic_target;no;distractor
2210;energia su energia;no;su;energia;Tradotto in italiano è il ritorno di;energia su energia;"investita; è un rapporto tra due valori numerici espressi in kWh.";sg;N_extended;no;distractor
2211;facebook su facebook;no;su;Facebook;io ho creato una pagina di;facebook su facebook;appunto, ma mi rendo conto che non serve a niente perchè nessuno ne sa l'esistenza, quindi non pubblicizzo niente.;X;thematic_target;no;distractor
2212;Google su Google;no;su;Google;Le diverse sezioni componenti il sito-database sono definite dalle schede delle architetture e la definizione dei campi da compilare, l'elaborazione della visualizzazione scheda on-line, le modalità di inserimento di foto, disegni e video, l'elaborazione del sistema che consente di geolocalizzare le architetture attraverso API di;Google su Google;Maps, l'elaborazione dell'applicazione che consente di effettuare il download delle schede delle architetture e degli itinerari, la creazione delle sezioni: architetture, itinerari, autori, news, arc.arc, contatti e partners istituzionali.;X;proper_name_inglobation;no;distractor
2213;Google su Google;no;su;Google;Come cancellare la cronologia di;Google su Google;Chrome.;X;proper_name_inglobation;no;distractor
2214;Grillo su Grillo;no;su;Grillo;Sicuro che l'apertura di Bersani a Grillo fosse reale e sincera e non fosse invece una trappola per portare i 5 Stelle ad impegnarsi su un governo con punti così generici e vaghi, che poi sarebbe stato difficilissimo dire che non li aveva rispettati e far ricadere interamente un repentino ritiro della fiducia da parte di;Grillo su Grillo;stesso?;X;thematic_target;no;
2215;jeans su jeans;no;su;jeans;Il trucco è prevalentemente uno, non eccedere con i colori, quindi se indossate una giacca di;jeans su jeans;blu dovranno avere lo stesso colore.;sg/pl;N_extended;no;distractor
2216;jeans su jeans;no;su;jeans;Consigli per indossare il giubbino di jeans su jeans;jeans su jeans;.;sg/pl;N_extended;no;distractor
2217;jeans su jeans;no;su;jeans;Quindi abbinare un capo di questo tipo è, sottinteso, che sarà più facile di una semplice camicia di;jeans su jeans;elegante oppure un giabbottino.;sg/pl;N_extended;no;distractor
2218;jeans su jeans;no;su;jeans;Una giacca di;jeans su jeans;uomo il più delle volte non evidenziano l'eleganza del capo, cosa inversa per la donna dove il più delle volte esalta la silhouette.;sg/pl;N_extended;no;distractor
2219;Proprietà su Proprietà;no;su;proprietà;Diritto di;Proprietà su Proprietà;Immobiliari Rumene per cittadini dell'UE, apolidi domiciliati nell'UE ed entità giuridiche formate in uno stato membro dell'UE o appartenenti alla Zona Economica Europea.;sg;N_extended;no;distractor
2220;Saturno su Saturno;no;su;Saturno;Con il transito di ritorno di ;Saturno su Saturno;"natale ti potrebbe creare solo una certa ""accettazione"" e crescita nel campo descritto.";X;N_extended;no;
2221;Sciascia su Sciascia;no;su;Sciascia;Ha curato l'edizione del Quaderno dell'Associazione Amici di;Sciascia su Sciascia;eretico del genere giallo (La vita felice, 2006) e la prefazione dell'edizione italiana de Il controllo della parola di André Schiffrin (Bollati Boringhieri, 2006).;X;proper_name_inglobation;no;distractor
2222;Sky su Sky;no;su;Sky;La partita Lazio-Napoli sarà trasmessa in diretta tv sul digitale terrestre in pay per view e per gli abbonati di Mediaset Premium su Premium Sport (canale 370) e Premium Sport HD (canale 380) e per gli abbonati di;Sky su Sky;3 HD (canale 201) e Sky Calcio 4 HD (canale 254).;X;proper_name_inglobation;no;distractor
2223;Sky su Sky;no;su;Sky;"È possibile acquistare entrambe le offerte ""Vodafone TV + NOW TV Intrattenimento"" e ""Vodafone TV Sport"" per avere accesso sia allo sport di";Sky su Sky;Sport Mix che all'entertaniment televisivo con il Ticket Intrattenimento di NOW TV.;X;proper_name_inglobation;no;distractor
2224;Sky su Sky;no;su;Sky;La partita Napoli-Villarreal sarà trasmessa in diretta tv per gli abbonati di;Sky su Sky;Calcio 1 HD (canale 251).;X;proper_name_inglobation;no;distractor
2225;Sky su Sky;no;su;Sky;Cliente Sky via fibra/satellite con pack Calcio e Sky Go: 36,80 euro/mese* per le 7 partite/turno di;Sky su Sky;Go.;X;proper_name_inglobation;no;distractor
2226;strada su strada;no;su;strada;In tal modo l'aquaplaning viene scongiurato e la tenuta di;strada su strada;bagnata e innevata è ottimale.;sg;N_extended;no;distractor
2227;uomini su uomini;no;su;uomo;Perché ogni governo è di;uomini su uomini;.;pl;thematic_target;no;distractor
2228;uomini su uomini;no;su;uomo; Questa domanda non si può respingere con la speranza che allora tutto andrebbe di per sè, che le cose si regolerebbero da sole, che un governo di;uomini su uomini;sarebbe divenuto superfluo, perchè gli uomini allora sarebbero assolutamente liberi.;pl;thematic_target;no;distractor
2229;uomini su uomini;no;su;uomo;Per un verso, infatti, essa esclude qualsiasi analogia mimetica tra la sovranità di Dio e la sovranità di;uomini su uomini;(significato politico-critico dell'immagine trinitaria di Dio).;pl;thematic_target;no;distractor
2230;uomini su uomini;no;su;uomo;Ne restasse fuori anche uno solo, anche una sola testa, su cosa potrebbe mai fondarsi una nazione se non sul dominio di;uomini su uomini;?;pl;thematic_target;no;distractor
2231;uomini su uomini;no;su;uomo;Dall'inizio degli anni Novanta è diminuito il numero di omicidi di;uomini su uomini;"mentre il numero di donne uccise da uomini è aumentato: l'intensità e il grado di diffusione di episodi di violenza e abuso nei confronti delle donne sono tali da aver suggerito il conio del termine ""femminicidio"".";pl;thematic_target;no;distractor
2232;uomini su uomini;no;su;uomo;"Come sottolineavano i compagni tedeschi delle Cellule Rivoluzionarie: ""Noi crediamo che la guerra totale contro il sistema di dominio di";uomini su uomini;acchiuda in se stessa contemporaneamente e in egual misura la lotta contro il sistema capitalistico che è in noi stessi.;pl;thematic_target;no;distractor
2233;uomini su uomini;no;su;uomo;C'è anche la violenza di;uomini su uomini;, donne contro le donne, adulti su bambini, giovani contro anziani e via di questo passo.;pl;thematic_target;no;distractor
2234;uomini su uomini;no;su;uomo;"Nella famosa conferenza del 1919 su ""La politica come professione"", Max Weber disse: ""Lo Stato è, come le associazioni politiche che storicamente lo precedono, un rapporto di dominio di";uomini su uomini;basato sul mezzo della forza legittima (cioè considerata legittima).;pl;thematic_target;no;distractor
2235;uomini su uomini;no;su;uomo;"Lo stato è così dunque ""un rapporto di potere di";uomini su uomini;", fondato sul mezzo dell'uso della forza legittima"" (si veda ""Economia e Società"", Milano 1961).";pl;thematic_target;no;distractor
2236;uomini su uomini;no;su;uomo;Sono sempre segno di un'ingiustizia regnante, di oppressione di;uomini su uomini;.;pl;thematic_target;no;distractor
2237;uomini su uomini;no;su;uomo;E quanto andiamo studiando ci insegna che le società organizzate, precedenti a quelle classiste, precedenti quindi alla comparsa della schiavitù e di ogni sfruttamento di;uomini su uomini;, accumulavano una straordinaria quantità di energia e l'applicavano alla modifica dell'ambiente (edifici monumentali, infrastrutture, produzione materiale) senza spezzarne l'equilibrio.;pl;thematic_target;no;distractor
2238;uomini su uomini;no;su;uomo;Quindi, anche nel fumetto Bonelli, come in Berserk, ci sono scene di violenza sessuale verso i protagonisti minorenni, o di violenza sessuale di;uomini su uomini;"(le ho elencate entrambe perchè non sapevo cosa consideravi più ""forte"" nella scena di Berserk).";pl;thematic_target;no;distractor
2239;uomo su uomo;no;su;uomo;Ogni sfruttamento di;uomo su uomo;deve essere soppresso nel nome di Cristo... avanti, o proletariato, avanti!;sg;thematic_target;no;distractor
2240;uomo su uomo;no;su;uomo;Con lo spargimento di sangue innocente (sopruso di;uomo su uomo;) che ne consegue.;sg;thematic_target;no;distractor
2241;uomo su uomo;no;su;uomo;Il sistema odioso di sfruttamento di;uomo su uomo;.;sg;thematic_target;no;distractor
2242;uomo su uomo;no;su;uomo;cioè quando si abolirà non solo il concetto di proprieta' di;uomo su uomo;(schiavitu') ma anche quello di SERVITU' di uomo su uomo (noleggio, prostituzione, o come chiamo io, SERVIZIONE).;sg;thematic_target;no;distractor
2243;uomo su uomo;no;su;uomo;cioè quando si abolirà non solo il concetto di proprieta' di uomo su uomo (schiavitu') ma anche quello di SERVITU' di;uomo su uomo;(noleggio, prostituzione, o come chiamo io, SERVIZIONE).;sg;thematic_target;no;distractor
2244;Venere su Venere;no;su;Venere;E i transiti che mi aspettano di ;Venere su Venere;e Saturno e poi di Urano su Marte, posso considerarli buoni per la mia situazione sentimentale?;X;N_extended;no;distractor
2245;Venezia su Venezia;no;su;Venezia;Pubblicazione di alcune foto di;Venezia su Venezia;Radio TV e Venetian Holiday.;X;proper_name_inglobation;no;distractor
2246;volume su volume;no;su;volume;Questo è un semplice lettore con play pausa avanti indietro;volume su volume;giù.;sg;NsuNgiù;yes;distractor
2247;justin su justin;no;su;justin;belibers.....cazzo calmatevi fate paura....justin di qua justin di là;justin su justin;giù!;X;NsuNgiù;yes;distractor
2248;mani su mani;no;su;mano;Anche il testo della canzone era stato scritto per essere abbastanza esplicativo e per mostrare cosa si sarebbe dovuto fare (;mani su mani;giù mani dove vuoi) ma l'immagine dei Ricchi & Poveri non era tale da poter imporre un ballo inventato di sana pianta anche perché non c'era più la moda di inventarne di nuovi per il tramite di una canzone lanciata appositamente.;pl;NsuNgiù;yes;distractor
2249;periodi su periodi;no;su;periodo;Tornando al banco,devo dire che i suoi dischi li amo tuttora,certo hanno avuto;periodi su periodi;ma son sempre stati più che dignitosi.;pl;NsuNgiù;yes;distractor
2250;km su km;no;su;km;e non può che migliorare col tempo, poi;km su km;giù porto pazienza.;sg/pl;NsuNgiù;yes;distractor
2251;mille su mille;no;su;mille;Il prezzo è stato 8.500 che mi sembra,; mille su mille;giù in linea con quello che si vede in giro.;sg;NsuNgiù;yes;distractor
2252;punto su punto;no;su;punto;Punto croce ricamo una data;punto su punto; giù indico traccia di trama merletto finito.;sg;NsuNgiù;yes;distractor
2253;volume su volume;no;su;volume; A meno che non si abbiano tanti dispositivi domotici con HomeKit in giro per casa, e che necessitino essere gestiti anche da fuori grazie al gateway che HomePod propone, questo speaker non offre grosse opportunità di gestione: mi sarei aspettata un'interfaccia software migliore, con la possibilità di saltare brano avanti e brano indietro con scorrimento a destra e sinistra,;volume su volume;giù con il flick in alto e in basso, gesture eventualmente attivabili dalle impostazioni, o una modalità rotore.;sg;NsuNgiù;yes;distractor
2254;pollice su pollice;no;su;pollice;Ne succede un altro e tutti si riversano li a dare opinioni il circo social/mediatico riparte, si fanno subito dei processi sommari tipo antica Roma verdetto subito colpevole o innocente ???;pollice su pollice;giù come nell'anfiteatro Flavio.;sg;NsuNgiù;yes;distractor
2255;kamut su kamut;no;su;kamut;Tofu qui, tofu là,;kamut su kamut;giù , allora con i derivati della carne che c'è... ;sg;NsuNgiù;yes;distractor
2256;mente su mente;no;su;mente;"Il credersi ""separati"" in più parti (";mente su mente;"giù, corpo questo e corpo quell'altro, questo è meglio e quello è peggio) è solo il frutto d'una visione ""schizofrenica"".";sg;NsuNgiù;yes;distractor
2257;folclore su folclore;no;su;folclore;Comunque;folclore su folclore;giù , appena ne trovo una, io me la compro!;sg;NsuNgiù;yes;distractor
2258;5 su 5;no;su;5;Già a Suzuka è difficile inserirsi nel dominio Honda (solo 3 volte su 16 non hanno vinto), poi al Motegi, che è tracciato di proprietà della casa giapponese, è praticamente impossibile (;5 su 5;per gli hondisti).;X;NumPNum;no;distractor
2259;5 su 5;no;su;5;Da segnalare: Federico,;5 su 5;al box, un doppio gioco in difesa, la chiamata in nazionale, cosa vuoi di più dalla vita?;X;NumPNum;no;distractor
2260;5 su 5;no;su;5;A questo punto anche un Cda tutto di destra (;5 su 5;) andrebbe in crisi;X;NumPNum;no;distractor
2261;5 su 5;no;su;5;Perché;5 su 5;è abbastanza chiaro come concetto (per tornare al discorso della discriminante prurginosa).;X;NumPNum;no;distractor
2262;5 su 5;no;su;5;A detta di Alberto Artiglia che ne ha inanellati;5 su 5;(l' unico oltre al sottoscritto), il migliore vitto lo abbiamo avuto qui.;X;NumPNum;no;distractor
2263;5 su 5;no;su;5;"Se il ""numero minimo di domande"" non è stato impostato, allora il suo voto sarà";5 su 5;, cioè 100 %.;X;NumPNum;no;distractor
2264;5 su 5;no;su;5;Questa volta è la Juventus a sbagliare di meno, anzi a non sbagliare proprio nulla visto che mette a segno uno score di;5 su 5;, mentre per il Milan è fatale l' errore di Brocchi.;X;NumPNum;no;distractor
2265;4 su 4;no;su;4;Dopo gara 4 i Knicks avranno degli incubi formato Kenyon Martin per tutta l' estate: altra doppia doppia (4;4 su 4;partite), ma quasta volta i punti sono 36.;X;NumPNum;no;distractor
2266;4 su 4;no;su;4;Nonostante un opaco Sandro Cherubini (solo 4 i punti del centro della Nazionale italiana), Sassari ha potuto contare su un infallibile Caine dalla lunga distanza (;4 su 4;dalla linea dei 3 punti e 22 i punti totali del britannico) e sui punti di Eveson (25) e Kohlstrom (16), dominatori della lunetta.;X;NumPNum;no;distractor
2267;4 su 4;no;su;4;Qualche spunto solo quando Messina gli ha mandato sopra Morlende. </s><s> Chiude la gara con 6 su 13 al tiro con;4 su 4;nei liberi.;X;NumPNum;no;distractor
2268;4 su 4;no;su;4;Risultato, al ritorno dopo l' operazione estiva,;4 su 4;da dove conta tre.;X;NumPNum;no;distractor
2269;4 su 4;no;su;4;La regione meno virtuosa è risultata la Sardegna, dove il 100% delle province (;4 su 4;) supera i 60 giorni d' attesa (con Oristano e Cagliari in grado di fornire la prestazione non prima di 4 mesi).;X;NumPNum;no;distractor
2270;40 su 40;no;su;40;Poi è il turno di Nintendogs, il perfect score di Famitsu (voto;40 su 40;), dopo aver conquistato il mercato nipponico, si prepara ad invadere anche quelli occidentali.;X;NumPNum;no;distractor
2271;4 su 4;no;su;4;Con quella di oggi, sono;4 su 4;le vittorie di Prada nei testa a testa con l'imbarcazione della bionda Dawn Riley: anche se nelle previsioni, il successo era oggi tutt'altro che scontato.;X;NumPNum;no;distractor
2272;4 su 4;no;su;4;Raccoglie punti solamente nei tiri liberi (;4 su 4;) perché la soluzione dalla distanza sembra non baciarlo più, anche in gare facili come questa: su 4 da tre.;X;NumPNum;no;distractor
